genre,author,book,pubhouse,price_now,price_old
Билингвы,Уайльд Оскар,Как важно быть серьезным и другие сочинения,Качели,560,800
Билингвы,Capote Truman,Breakfast at Tiffany's,Антология,192,295
Билингвы,Hesse Hermann,Der steppenwolf,ВК,209,298
Билингвы,Петросян Анна Карапетовна,Календарь. Цикл миниатюр,Спутник+,1 513,2 161
Билингвы,Дойл Артур Конан,Рассказы о Шерлоке Холмсе (The Stories about Sherlock Holmes),Антология,192,295
Билингвы,Лондон Джек,Северные рассказы,Детская литература,295,422
Билингвы,Уайльд Оскар,Как важно быть серьезным и другие сочинения,Качели,560,800
Билингвы,Батирова Залму Магомедовна,Нетающий снег,Вече,750,1 072
Билингвы,,,,614 р.,944
Билингвы,Коршун Наталья,На другой планете,У Никитских ворот,886,1 265
Билингвы,Сатыбалдин Капан,Қабаған ит,Высшее образование и наука,644,920
Билингвы,De Troyes Chretien,Le Chevalier de la Charrette,Livre de Poche,2 536,3 901
Билингвы,De Troyes Chretien,Le Conte du Graal,Livre de Poche,2 878,4 111
Билингвы,De Troyes Chretien,Erec et Enide,Livre de Poche,2 617,4 026
Билингвы,De Troyes Chretien,Cliges,Livre de Poche,2 943,4 527
Билингвы,De Troyes Chretien,Le Chevalier au Lion,Livre de Poche,2 878,4 111
Билингвы,de Lorris Guillaume,Le Roman de la rose,Livre de Poche,4 561,7 017
Билингвы,,Lettres d'Abélard et Héloïse,Livre de Poche,2 943,4 527
Билингвы,Rutebeuf,Oeuvres complètes,Livre de Poche,4 291,6 602
Билингвы,,Lettres d'amour du Moyen Age. Les Saluts et Complaintes,Livre de Poche,3 515,5 021
Билингвы,,La Chanson de Roland,Livre de Poche,2 237,3 196
Билингвы,,,,1 344,1 920
Билингвы,,La Chanson de Guillaume,Livre de Poche,2 587,3 696
Билингвы,,La Mort du roi Arthur,Livre de Poche,4 040,5 772
Билингвы,,Le Roman de Fauvel,Livre de Poche,4 040,5 772
Билингвы,,Beowulf,Livre de Poche,2 133,3 281
Билингвы,,All You Need is Art. Taller creativo de 3 a 90 años,Monsa,1 933,2 761
Билингвы,Tolkien John Ronald Reuel,Les Aventures de Tom Bombadil,Pocket Livre,1 850,2 846
Билингвы,,Paris. Le cherche et trouve bilingue,Grund,2 827,4 039
Билингвы,Lombard Philippe ,Paris. 100 Films De Légende,Parigramme,4 234,6 048
Билингвы,Ravelle Francoise,Paris Impressionniste.  100 Tableaux De Légende,Parigramme,4 234,6 048
Билингвы,Lorca Federico Garcia,Poète à New-York,Robert Laffont,3 127,4 467
Билингвы,Doyle Arthur Conan,Sherlock Holmes enquete,Pocket Livre,1 692,2 603
Билингвы,Сатыбалдин Капан,Қабаған ит,Высшее образование и наука,644,920
Билингвы,,,,,
Билингвы,Миннуллин Завдат Салимович,Сборник статей,Татарское книжное издательство,1 919,2 741
Билингвы,Палычева Любовь Николаевна,Атлас анатомии человека. Русско-латинско-английское издание,АСТ,1 209,1 727
Билингвы,Портер Элинор,Поллианна,Детская литература,654,934
Билингвы,,Новый завет на русском и корейском языках,Российское Библейское Общество,549,784
Билингвы,Leopardi Giacomo,Canti,Alma Books,2 716,4 179
Билингвы,Angiolieri Cecco,Sonnets,Alma Books,2 925,4 179
Билингвы,Belli Giuseppe Gioachino,Sonnets,Alma Books,2 716,4 179
Билингвы,Alighieri Dante,Vita Nuova. Dual-Language Edition,Alma Books,2 394,3 420
Билингвы,Fried Erich,Love Poems,Alma Books,2 925,4 179
Билингвы,Cavalcanti Guido,Complete Poems,Alma Books,2 716,4 179
Билингвы,Baudelaire Charles,The Flowers of Evil,Alma Books,2 659,3 799
Билингвы,Foscolo Ugo,Sepulchres and Other Poems,Alma Books,2 394,3 420
Билингвы,,,,,
Билингвы,,The Song of Roland,Alma Books,2 223,3 420
Билингвы,Лонгфелло Генри Уодсуорт,Стихотворения. Эванжелина,Текст,706,1 008
Билингвы,Сент-Экзюпери Антуан де,Ночной полет. Маленький принц,Качели,468,720
Билингвы,Оруджева Теране,Лув це! Взлетай! Стихотворения,Грифон,512,731
Билингвы,Proust Marcel,The Collected Poems. A Dual-Language Edition with Parallel Text,Penguin,4 367,6 238
Билингвы,Годовикова Вера,Летние открытия Нины и Марика,БерИнгА.,385,550
Билингвы,Ли Хэ,Дьявол поэзии,Шанс,316,451
Билингвы,,100 стихотворений о Москве. Антология,Б.С.Г.- Пресс,825,1 179
Билингвы,Китс Джон,Английский с Джоном Китсом. Песнь волшебницы. Избранные стихотворения,ВКН,220,314
Билингвы,Мартынов Андрей,Ётхи = Yotkhee. Пособие по английскому языку,"Общенациональная ассоциация молодых музыкантов, поэтов и прозаиков",2 072,2 960
Билингвы,Alighieri Dante,La Divina Commedia,АСТ,876,1 251
Билингвы,Ли Бо,Гость со звезды - Ли Бо. Стихи и эссе,Шанс,526,751
Билингвы,Забалуев Сергей,Сборник стихотворений на русском и английском языках,Родина,280,430
Билингвы,,Стихия стиха. Китайская поэзия VII–X вв.,Шанс,484,691
Билингвы,Ле Гоффик Шарль,Бретонская любовь. Избранные стихотворения,Скифия,613,875
Билингвы,Capote Truman,Breakfast at Tiffany's,Антология,192,295
Билингвы,Ли,История китайских боевых искусств,Шанс,473,676
Билингвы,Герра,Франко-русская Фанни,У Никитских ворот,811,1 158
Билингвы,,Песнь о Нибелунгах = Das Nibelungenlied,АСТ,851,1 215
Билингвы,Каур Рупи,"Home body. Белые стихи, которые обнимают и дарят любовь",Бомбора,832,1 189
Билингвы,Boll,German Short Stories 1. Deutsche Kurzgeschichten,Penguin,2 353,3 620
Художественная литература,Достоевский Федор Михайлович,Преступление и наказание,Галерея классики,1 792,2 560
Художественная литература,Суханов Сергей Сергеевич,Города богов,Вече,394,563
Художественная литература,Шолохов Михаил Александрович,Судьба человека. Донские рассказы,АСТ,280,400
Художественная литература,Брешко-Брешковский Николай Николаевич,Когда рушатся троны…,Вече,355,507
Художественная литература,Бастеррика Агустина,Особое мясо,Поляндрия No Age,855,1 222
Художественная литература,Нгуен Фан Кюэ Май,Песнь гор,Аркадия,874,1 248
Художественная литература,Лаймон Ричард,Дом Зверя,Феникс,890,1 272
Художественная литература,Лаймон Ричард,Подвал,Феникс,792,1 131
Художественная литература,,,,1 526,2 544
Художественная литература,Этвуд Артур Филлипс,Пробуждение Ктулху,Феникс,762,1 088
Художественная литература,Чёрчвард Дэниел,Во тьме безмолвной под холмом,Феникс,1 380,1 972
Художественная литература,Лунёва Мария Павловна,По дороге на Оюту,Феникс,692,989
Художественная литература,,Ботаник в бегах…,Наш круг,421,601
Художественная литература,Вютерих Генриетта,Я золотая пыль Земли,Наш круг,631,901
Художественная литература,Кравченко Виктор Александрович,Зима. Сказание о ворскейтерах,Феникс,687,981
Художественная литература,Рудианова Анна Игоревна,Колесо судьбы,Феникс,644,920
Художественная литература,Твин Клэр,Лунный шторм. Время взрослеть,Феникс,827,1 272
Художественная литература,Лазарева Ирина,Золотые жилы,Феникс,1 005,1 546
Художественная литература,Топилин Владимир Степанович,Серебряный пояс,Вече,631,901
Художественная литература,Топилин Владимир Степанович,Слезы Черной речки,Вече,512,732
Художественная литература,Топилин Владимир Степанович,Когда цветут эдельвейсы,Вече,631,901
Художественная литература,Никитин,Яфет,Вече,592,845
Художественная литература,Алексеев Михаил,Мой Сталинград,Вече,788,1 126
Художественная литература,,,,,
Художественная литература,Рой Олег Юрьевич,Неотправленные письма. Роман-онлайн,Вече,631,901
Художественная литература,Пехов,Киндрэт. Тетралогия,Альфа-книга,3 046,4 352
Художественная литература,Вольный Владимир,На развалинах мира. Выживший во тьме,Феникс,827,1 272
Художественная литература,Сандзари Полюс,Viena Attentat,Наш круг,421,601
Художественная литература,Казаченко Константин Юрьевич,Розовый Трепанг,Наш круг,295,421
Художественная литература,Моррисон Чендлер,Ибо мы грешны,Феникс,1 191,1 832
Художественная литература,Уайльд Оскар,Как важно быть серьезным и другие сочинения,Качели,560,800
Художественная литература,Белоусов Анатолий Анатольевич,Уроборос,Четыре,307,438
Художественная литература,Выборнов Юрий Владимирович,За всё судьбу благодарю,Четыре,638,911
Художественная литература,Щедрина Дарья Александровна,"Друг мой, враг мой",Четыре,638,911
Художественная литература,,,,,
Художественная литература,Счастливая Наташа,Карты пожеланий. Стихи-пожелания,Четыре,307,438
Художественная литература,Продан Лара,Девушка в золотом,Четыре,307,438
Художественная литература,Николаев Георгий Викторович,Вечерний лабиринт,У Никитских ворот,601,858
Художественная литература,Бусахин Сергей Васильевич,Параллельные миры лифтёра Сорокина,У Никитских ворот,300,429
Художественная литература,Сергеев Владимир Никонорович,Minni. Призвание - любить,У Никитских ворот,300,429
Художественная литература,Стужев Остап Иванович,Карадагский змей,У Никитских ворот,750,1 072
Художественная литература,Запяткин Евгений Викторович,Килограмм золотых рыбок,У Никитских ворот,300,429
Художественная литература,Кеффель-Наумова Лариса,Снег на Рейне,У Никитских ворот,300,429
Художественная литература,Катрин Селина,Охота на эмиссара,Феникс,772,1 187
Художественная литература,Эндрюс Хелен-Роуз,Левиафан,Аркадия,818,1 168
Художественная литература,Гончаров Иван Александрович,Обрыв,Галерея классики,2 128,3 040
Художественная литература,Киплинг Редьярд Джозеф,Призрак в желтой коляске,Текст,924,1 232
Художественная литература,,,,1 512,2 160
Художественная литература,Прево Эжен Марсель,Осень женщины,Вече,709,1 013
Художественная литература,Жданов Лев Григорьевич,Сгибла Польша!,Вече,394,563
Художественная литература,Брешко-Брешковский Николай Николаевич,Когда рушатся троны…,Вече,355,507
Художественная литература,Феваль Поль,Фея дюн,Вече,788,1 126
Художественная литература,Задорнов Николай Павлович,Амур-батюшка,Вече,788,1 126
Художественная литература,Цуприков Иван Валентинович,Последнее слово шамана,Вече,552,788
Художественная литература,Шкловский Виктор Борисович,"Zoo. Письма не о любви, или Третья Элоиза",Август,375,536
Художественная литература,Дроздов Анатолий Федорович,Мастеровой. Попаданец в магическую Российскую империю,Феникс,594,848
Художественная литература,Оутс Джойс Кэрол,Зомби. Записки милуокского маньяка,Феникс,594,848
Художественная литература,Белянин Андрей Олегович,"ЧВК ""Херсонес"" - 2",Феникс,831,1 187
Художественная литература,Шмелев,Ошибка резидента,Вече,631,901
Художественная литература,Суханов Сергей Сергеевич,Города богов,Вече,394,563
Художественная литература,Кузнецов Евгений,Кудыкины горы,Вече,631,901
Художественная литература,Сейфуллина Лидия Николаевна,Виринея,Вече,788,1 126
Художественная литература,Бородин Сергей Петрович,Костры похода,Вече,631,901
Художественная литература,Воробьев,Дело влюбленного киллера,Вече,631,901
Художественная литература,Пикуль Валентин Саввич,Фаворит. В 2-х книгах,Вече,1 103,1 576
Художественная литература,Пикуль Валентин Саввич,Фаворит. В 2-х книгах,Вече,1 103,1 576
Художественная литература,Васильев Борис Львович,"Вам привет от бабы Леры. Дом, который построил Дед",Вече,946,1 351
Художественная литература,Дмитриев Сергей Николаевич,По Европе с камерой и рифмой. Стихи русского путешественника,Вече,631,901
Художественная литература,Абумов,Игра на убивание,Вече,631,901
"Учебная, методическая литература и словари",,Математика. Часть 2. Тетрадь для рисования. Солнечные ступеньки,УДИВиТ,39,56
"Учебная, методическая литература и словари",Тороп Валерия Валерьевна,Всеобщая история. История Нового времени. 8 класс. Контурные карты. ФГОС,Просвещение,137,210
"Учебная, методическая литература и словари",Крылова Ольга Николаевна,Чтение. 3 класс. Работа с текстом. ФГОС,Экзамен,229,353
"Учебная, методическая литература и словари",Крылова Ольга Николаевна,Чтение. 2 класс. Работа с текстом. ФГОС,Экзамен,229,353
"Учебная, методическая литература и словари",,Математика. Часть 1. Тетрадь для рисования. Солнечные ступеньки,УДИВиТ,39,56
"Учебная, методическая литература и словари",Курукин Игорь Владимирович,История России. 8 класс. Атлас. ФГОС,Просвещение,260,400
"Учебная, методическая литература и словари",Тихомирова Елена Михайловна,"Русский язык. 2 класс. Тесты к учебнику В. П. Канакиной, В. Г. Горецкого. Часть 1",Экзамен,176,270
"Учебная, методическая литература и словари",Погорелова Надежда Юрьевна,Математика. 3 класс. Тренажер к учебнику М. И. Моро и др.,Экзамен,179,276
"Учебная, методическая литература и словари",,,,551,848
"Учебная, методическая литература и словари",Трофимова Елена Викторовна,ВПР Функциональная грамотность. 4 класс. Типовые задания. 6 вариантов заданий. ФГОС,Экзамен,239,368
"Учебная, методическая литература и словари",,Logo! A1. Deutsch für Jugendliche. Intensivtrainer,Klett,1 710,2 630
"Учебная, методическая литература и словари",,Прописи для китайских иероглифов (крупная клетка),Шанс,119,170
"Учебная, методическая литература и словари",Пасечник,Биология. 6 класс. Тесты к учебнику В. В. Пасечника и др.ФГОС,Экзамен,232,357
"Учебная, методическая литература и словари",Коваль Татьяна Викторовна,"Обществознание. 8 класс. Тесты к учебнику Л.Н. Боголюбова, Н.И. Городецкой, Л.Ф. Ивановой и др.",Экзамен,311,479
"Учебная, методическая литература и словари",Козина Галина Александровна,Русский родной язык. 1 класс. Рабочая тетрадь к учебнику О. М. Александровой и др.,Экзамен,203,312
"Учебная, методическая литература и словари",Козина Галина Александровна,Русский родной язык. 2 класс. Рабочая тетрадь к учебнику О. М. Александровой и др.,Экзамен,203,312
"Учебная, методическая литература и словари",Попова И.,Математика,Стрекоза,284,406
"Учебная, методическая литература и словари",Соколова Наталья Алексеевна,Окружающий мир. 2 класс. Рабочая тетрадь № 2 к учебнику А.А. Плешакова. ФГОС,Экзамен,274,421
"Учебная, методическая литература и словари",Тихомирова Елена Михайловна,"Русский язык. 3 класс. Тренажер к учебнику В.П. Канакиной, В.Г. Горецкого. ФГОС",Экзамен,179,276
"Учебная, методическая литература и словари",Волкова,ВПР. Окружающий мир. 4 класс. 15 вариантов. Типовые задания. ФГОС,Экзамен,311,479
"Учебная, методическая литература и словари",Тихомирова Елена Михайловна,Окружающий мир. 3 класс. Тесты к учебнику А. А. Плешакова. Часть 2,Экзамен,209,322
"Учебная, методическая литература и словари",Цитович Галина Ивановна,Окружающий мир. 1 класс. Самостоятельные и контрольные работы к учебнику А. А. Плешакова. Часть 1,Экзамен,179,276
"Учебная, методическая литература и словари",Цитович Галина Ивановна,Окружающий мир. 1 класс. Самостоятельные и контрольные работы к учебнику А. А. Плешакова. Часть 2,Экзамен,179,276
"Учебная, методическая литература и словари",,,,1 053,1 504
"Учебная, методическая литература и словари",Чурсина Лариса Вячеславовна,"Русский язык. 1 класс. Самостоятельные и контрольные работы к учебнику В. Канакиной, В. Горецкого",Экзамен,207,318
"Учебная, методическая литература и словари",Чурсина Лариса Вячеславовна,"Русский язык. 2 класс. Самостоятельные и контрольные работы к учебнику В. Канакиной, В. Горецкого",Экзамен,207,318
"Учебная, методическая литература и словари",Громцева Ольга Ильинична,Физика. 7-9 классы. Справочник. ФГОС,Экзамен,222,342
"Учебная, методическая литература и словари",Рудницкая Виктория Наумовна,Математика. 4 класс. Контрольные работы к учебнику М. И. Моро и др. Часть 1. ФГОС,Экзамен,168,259
"Учебная, методическая литература и словари",Погорелова Надежда Юрьевна,Окружающий мир. 1 класс. Проверочные работы к учебнику А. А. Плешакова,Экзамен,273,420
"Учебная, методическая литература и словари",Дьячкова Лариса Вячеславовна,"Литературное чтение. 1 класс. Проверочные работы к учебнику Л. Ф. Климановой, В. Г. Горецкого и др.",Экзамен,214,329
"Учебная, методическая литература и словари",Козина Галина Александровна,Русский родной язык. 3 класс. Рабочая тетрадь к учебнику О. М. Александровой и др.,Экзамен,203,312
"Учебная, методическая литература и словари",Ишметова Марина Александровна,Запуск речи: от звука - к первым стихотворениям. Практическое руководство по работе с неговорящими,Феникс,248,354
"Учебная, методическая литература и словари",Балаян Эдуард Николаевич,Математика. Пособие для подготовки к ЕГЭ и дополнительному экзамену. 10-11 классы.Профильный уровень,Феникс,771,1 101
"Учебная, методическая литература и словари",Цой,Первые уроки китайского языка,Феникс,212,303
"Учебная, методическая литература и словари",Рязанцева Юлия Евгеньевна,Ребусы для обучения грамоте. Рабочая нейротетрадь для дошкольников,Феникс,232,332
"Учебная, методическая литература и словари",Рязанцева Юлия Евгеньевна,Фонематические диктанты. Восприятие информации на слух. Рабочая нейротетрадь для дошкольников,Феникс,232,332
"Учебная, методическая литература и словари",Онишкова Анастасия Михайловна,100 нейроигр и упражнений на развитие моторики и сенсорики для детей 3-7 лет,Феникс,286,409
"Учебная, методическая литература и словари",Балаян Эдуард Николаевич,Математика. Решение задач для подготовки к ОГЭ. 7-9 классы,Феникс,494,705
"Учебная, методическая литература и словари",Николаева,Русский язык. 2 класс. Тренировочные задания. ФГОС,Экзамен,125,192
"Учебная, методическая литература и словари",Кузнецова Марта Ивановна,Русский язык. 4 класс. Тренировочные примеры. Безударные гласные. ФГОС,Экзамен,132,203
"Учебная, методическая литература и словари",Трофимова Елена Викторовна,УМК Математика. 3 класс. Проверочные работы. К учебнику М. И. Моро и др. ФГОС,Экзамен,232,357
"Учебная, методическая литература и словари",Трофимова Елена Викторовна,Математика. Проверочные работы. 1 класс. К учебнику М. И. Моро и др. ФГОС,Экзамен,233,359
"Учебная, методическая литература и словари",Ульева Елена Александровна,Сказочный учебник дошкольника. Самые важные вопросы,Феникс-Премьер,367,565
"Учебная, методическая литература и словари",Ульева Елена Александровна,Сказочный учебник дошкольника. Самые полезные навыки,Феникс-Премьер,367,565
"Учебная, методическая литература и словари",,,,,
"Учебная, методическая литература и словари",Николаева,Тренировочные задания по математике. 4 класс,Экзамен,132,203
"Учебная, методическая литература и словари",Тихомирова Елена Михайловна,"Русский язык. 4 класс. Тренажер к новому учебнику В.П. Канакиной, В.Г. Горецкого. ФГОС",Экзамен,179,276
"Учебная, методическая литература и словари",Шишкина Ирина Алексеевна,Английский язык. 4 класс. Тесты к учебнику Н.И. Быкова. Spotlight. ФПУ. ФГОС,Экзамен,248,381
"Учебная, методическая литература и словари",Крылова Ольга Николаевна,"Русский язык. 2 класс. Контрольные работы к учебнику В. П. Канакиной, В. Г. Горецкого. Часть 1. ФГОС",Экзамен,184,283
"Учебная, методическая литература и словари",Крылова Ольга Николаевна,"Русский язык. 2 класс. Контрольные работы к учебнику В. П. Канакиной, В. Г. Горецкого. Часть 2. ФГОС",Экзамен,184,283
"Учебная, методическая литература и словари",Тихомирова Елена Михайловна,"Русский язык. 2 класс. Проверочные работы к учебнику В.П. Канакиной, В.Г. Горецкого. ФГОС",Экзамен,259,399
"Учебная, методическая литература и словари",Соколова Наталья Алексеевна,Окружающий мир. 3 класс. Рабочая тетрадь №1 к учебнику А.А. Плешакова. ФГОС,Экзамен,291,447
"Учебная, методическая литература и словари",Соколова Наталья Алексеевна,Окружающий мир. 3 класс. Рабочая тетрадь №2 к учебнику А. А. Плешакова. ФГОС,Экзамен,291,447
"Учебная, методическая литература и словари",Тихомирова Елена Михайловна,Окружающий мир. 3 класс. Тесты к учебнику А. А. Плешакова. ФГОС,Экзамен,291,447
"Учебная, методическая литература и словари",Языканова Елена Вячеславовна,ВПР. Русский язык. 3 класс. Тренажер. ФГОС,Экзамен,211,324
"Учебная, методическая литература и словари",Тихомирова Елена Михайловна,"Окружающий мир. 4 класс. Тесты к учебнику А. А. Плешакова, Е. А. Крючковой. Часть 1. ФГОС",Экзамен,191,294
"Учебная, методическая литература и словари",Свичкарёва Любовь Сергеевна,Скоро в школу! Готовимся к математике,Феникс,207,319
"Учебная, методическая литература и словари",Свичкарёва Любовь Сергеевна,Скоро в школу! Готовимся к русскому языку,Феникс,207,319
"Учебная, методическая литература и словари",Ульева Елена Александровна,Сказочный учебник дошкольника. Болезни человека и их лечение,Феникс,367,565
"Учебная, методическая литература и словари",Ульева Елена Александровна,Сказочный учебник дошкольника. Математика и чтение,Феникс,367,565
"Учебная, методическая литература и словари",Ульева Елена Александровна,"Сказочный учебник дошкольника. Окружающий мир, логика и письмо",Феникс,367,565
"Учебная, методическая литература и словари",Ульева Елена Александровна,Сказочный учебник дошкольника. Правила здоровья и гигиены,Феникс,367,565
"Учебная, методическая литература и словари",Морозов Артем Юрьевич,Английский язык. Mishkie Grammar. Книга 2. Веселые задания с ключами. Грамматика для начальной школы,Титул,527,753
"Учебная, методическая литература и словари",Фокина Ольга Анатольевна,Русский язык. 7 класс. Рабочая тетрадь к учебнику М. Т. Баранова и др. Часть 1. ФГОС,Экзамен,234,360
"Учебная, методическая литература и словари",Фокина Ольга Анатольевна,Русский язык. 7 класс. Рабочая тетрадь к учебнику М. Т. Баранова и др. Часть 2. ФГОС,Экзамен,234,360
"Учебная, методическая литература и словари",Барашкова Елена Александровна,Английский язык. 3 класс. Грамматика. Сборник упражнений к учебнику Н. И. Быковой и др. Часть 1,Экзамен,255,392
"Учебная, методическая литература и словари",Барашкова Елена Александровна,Английский язык. 3 класс. Грамматика. Сборник упражнений к учебнику Н. И. Быковой и др. Часть 2,Экзамен,255,392
"Учебная, методическая литература и словари",Тихомирова Елена Михайловна,Окружающий мир. 3 класс. Тетрадь для практических работ №1 с дневником наблюдений. ФГОС,Экзамен,289,445
"Учебная, методическая литература и словари",Тихомирова Елена Михайловна,Окружающий мир. 3 класс. Тетрадь для практических работ №2 с дневником наблюдений. ФГОС,Экзамен,289,445
Религия,Маслов Алексей Александрович,"Диалоги китайский мудрецов. Чань-буддийские истории об истине, безумии и радости",Феникс,596,852
Религия,Митрополит Антоний Сурожский,О последних пределах. Тайна происхождения мира,Ника,232,331
Религия,Марнов Сергей Дмитриевич,"Теперь на Рим, или Зрелые годы апостола Павла",Скрижаль,368,526
Религия,Гуреева Ксения,"Оптина звала. 7 месяцев, которые подарили жизни новый смысл",Эксмо,458,654
Религия,Протоиерей Олег Корытко,Человек религиозный (Homo religiosus): на путях поиска истины. Авторский курс лекций,Сретенский ставропигиальный мужской монастырь,450,643
Религия,Малков Петр Юрьевич,Преподобный Максим Исповедник в наследии византийских отцов Церкви,ПСТГУ,361,515
Религия,,,,1 674 р.,2 576
Религия,Маслов Алексей Александрович,"Диалоги китайский мудрецов. Чань-буддийские истории об истине, безумии и радости",Феникс,596,852
Религия,Священномученик Серафим (Звездинский),Хлеб Небесный. Проповеди о Божественной Литургии,ПСТГУ,225,322
Религия,Стернз Джастин,Заразные идеи. Тема инфекционных болезней в исламской и христианской мысли,Academic Studies Press,1 273,1 819
Религия,Де Видо Элиза Анна,Буддийские монахини Тайваня,Academic Studies Press,1 010,1 443
Религия,,Святое Евангелие (карманное),Изд-во Московской Патриархии,505,721
Религия,Шмелев,Смертию смерть поправ! Великопостные и пасхальные рассказы,Новое Небо,479,684
Религия,Митрополит Антоний Сурожский,О последних пределах. Тайна происхождения мира,Ника,232,331
Религия,,Сырная седмица,Свято-Троицкая Сергиева Лавра,272,389
Религия,,"""Буди милость Твоя на детях моих"". Материнский молитвослов",Смирение,405,578
Религия,,"Служба с акафистом преподобному и богоносному отцу нашему Амвросию, старцу Оптинскому",Синопсисъ,1 040,1 486
Религия,Малков Петр Юрьевич,Воскрешение Лазаря и Вход Господень в Иерусалим. Пасха - Воскресение Христово,ПСТГУ,676,965
Религия,Священник Сергий Иванов,Святой Патриарх Тихон и изъятие церковных ценностей в 1922 году,ПСТГУ,1 800,2 572
Религия,Антонова Влада,Учение Христа. Практическое пособие для православных христиан,Родина,449,690
Религия,Сухинина Наталия Евгеньевна,Билет до конечной,Алавастр,459,656
Религия,,,,11 250,16 072
Религия,Сухинина Наталия Евгеньевна,Благодарю Тебя. Записки из ущелья,Алавастр,361,515
Религия,Сухинина Наталия Евгеньевна,Бог любит Троицу,Алавастр,459,656
Религия,Сухинина Наталия Евгеньевна,Времена года,Алавастр,746,1 066
Религия,Сухинина Наталия Евгеньевна,Колыбельная для ветра,Алавастр,459,656
Религия,Протоиерей Андрей Ткачев,Тебе и мне Бог письмо написал. Беседы после Литургии,Апостол веры,608,868
Религия,Мамин-Сибиряк Дмитрий Наркисович,Авва,Зерна-Книга,300,428
Религия,Засодимский Павел Владимирович,В метель и вьюгу. Святочные и другие рассказы,Зерна-Книга,237,339
Религия,Недетовский Григорий Иванович,Грех попутал. Рассказы отца Забытого,Зерна-Книга,303,433
Религия,Данилевский Григорий Петрович,Святочные вечера,Зерна-Книга,169,242
Религия,Певцов Константин Константинович,Слава мучеников,Зерна-Книга,281,401
Религия,Протоиерей Валентин Свенцицкий,Юродивый. Рассказы,Зерна-Книга,301,430
Религия,Святитель Николай Сербский (Велимирович),Творения. В 3-х книгах,Сретенский ставропигиальный мужской монастырь,3 600,5 143
Религия,Калинина Галина Вячеславовна,Загробная жизнь и бессмертие души. Свидетельства и факты,Лепта,668,954
Религия,Шкаровский Михаил Витальевич,Александрийская и Русская Церкви в XX-XXI веках,ИД Познание,795,1 136
Религия,Митрополит,Евангелие от Матфея. Исторический и богословский контекст,ИД Познание,1 432,2 045
Религия,Грацианский,Мировое Православие. Первенство и соборность в свете православного вероучения,ИД Познание,676,966
Религия,Митрополит Иларион (Алфеев),Каталог 1-й Биеннале христоцентричного искусства,ИД Познание,2 385,3 407
Религия,Епископ Серафим (Амельчиков),Православное Пастырство. Бог и человек в таинстве спасения,ИД Познание,676,966
Религия,,Святое Евангелие Господа Нашего Иисуса Христа,Православный Печатник,600,857
Религия,Фромм Эрих,Вы будете как боги,АСТ,290,414
Религия,,Молитвослов карманный,Покровский женский монастырь,4 051,5 787
Религия,Епископ Кассиан (Безобразов),Христос и первое христианское поколение,ПСТГУ,1 238,1 768
Религия,Миловский-Елеонский Сергей,Папаша крестный. Рассказы,Зерна-Книга,307,438
Религия,,Путь истины. По творениям святителя Василия Великого,Благовест,231,330
Религия,,,,,
Религия,,Святое Евангелие. Церковно-славянский шрифт. Карманный формат,Благовест,549,784
Религия,,Таинство спасения. По творениям преподобных Иосифа Волоцкого и Нила Сорского,Благовест,231,330
Религия,,"Пастырь в наше время. Размышления, вопросы и ответы. Современная приходская практика",ПСТГУ,1 688,2 411
Религия,Юнгеров Павел Александрович,Псалтирь учебная на церковно-славянском языке с параллельным переводом на русский язык П. Юнгерова,Скрижаль,593,847
Религия,,Слово старца к христианам в миру живущим,Терирем,184,263
Религия,Преображенский Александр,Азы Православия,Терирем,90,128
Религия,Митрополит Антоний Сурожский,Отче Наш. Размышления о молитве Господней,Терирем,106,151
Религия,,Светлое Христово Воскресение,Данилов мужской монастырь,324,463
Религия,,,,758,1 083
Религия,Сорей Карен,Библия в инфографике,АСТ,1 461,2 087
Религия,Достоевский,Что значит подарить радость? Пасхальные рассказы и стихи,Приход Храма Святаго Духа сошествия,145,207
Религия,Имам Али,Путь красноречия,АСТ,851,1 215
Религия,,Псалтирь пророка и царя Давида учебная,Отчий Дом,603,862
Религия,,Православный молитвослов с правилом ко Святому Причащению,Отчий Дом,79,113
Религия,,Радостная Весть. Новый Завет. Современный русский перевод. Учебное издание,Российское Библейское Общество,960,1 371
Религия,Гоголь,Спаси и сохрани. Пасхальные истории,Эксмо,699,999
Религия,Протопресвитер Фома Хопко,Основы православия,Синопсисъ,537,767
Религия,Радонежская Раиса Витальевна,Отец Иван и отец Стефан,Зерна-Книга,226,323
Религия,Митрополит Иоанн (Снычев),Плач сердца. Дневниковые записи архипастыря,Царское дело,701,1 002
Религия,Державная Вера,Порча и сглаз. Взгляд Православной Церкви,Омега-Л,435,622
Религия,Карагодин Владимир Николаевич,Пророк Непокоренного Донбасса. Схиархимандрит Зосима,Благо,736,1 051
Религия,Схиархимандрит Авраам (Рейдман),Рождество и Пасха. Две священные истины Церкви,Ново-Тихвинский женский монастырь,1 350,1 929
Религия,Крюков Федор Дмитриевич,Сеть мирская,Зерна-Книга,221,315
Периодические издания,,Дилетант. 2023. № 093 сентябрь,Журнал Дилетант,288,412
Периодические издания,,Журнал Наука и жизнь № 2 2024,Журнал Наука и жизнь,475,679
Периодические издания,,Иностранная литература. 2023. № 2,Журнал Иностранная литература,487,695
Периодические издания,,Наука и жизнь. 2023. № 6,Журнал Наука и жизнь,357,510
Периодические издания,,Думай 2023 № 41 (1) январь,Журнал Думай,585,836
Периодические издания,,Думай 2023 № 44 (4) апрель,Журнал Думай,585,836
Периодические издания,,,,288,412
Периодические издания,,Знание-сила. 2024. № 6,Журнал Знание-сила,361,515
Периодические издания,,Знание-сила. 2024. № 7,Журнал Знание-сила,380,543
Периодические издания,,Москва. 2024. № 7,Журнал Москва,235,335
Периодические издания,,Москва. 2024. № 6,Журнал Москва,235,335
Периодические издания,,Наука и жизнь. 2024. № 6,Журнал Наука и жизнь,515,736
Периодические издания,,"Seasons of life. Сезоны жизни. 2024 № 72, лето",Журнал Seasons of Life,878,1 254
Периодические издания,,Начало. № 81/24. Где найти принца,Журнал Начало,119,170
Периодические издания,Колпакиди Александр Иванович,Прометей № 5,Родина,889,1 368
Периодические издания,,Журнал Знамя № 5. 2024,Журнал Знамя,488,697
Периодические издания,,Журнал Юность № 5. 2024,Журнал Юность,293,418
Периодические издания,,Журнал Afternoon Seasons of life № 2 2024,Журнал Seasons of Life,878,1 254
Периодические издания,,Дилетант. 2024. № 102 июнь,Журнал Дилетант,499,713
Периодические издания,,Япония 2021. Ежегодник. Том 50,Восточная литература,1 040,1 486
Периодические издания,,Журнал Знание-сила № 5 2024,Журнал Знание-сила,361,515
Периодические издания,,Журнал Москва № 5 2024,Журнал Москва,235,335
Периодические издания,,Журнал Наука и жизнь № 5 2024,Журнал Наука и жизнь,515,736
Периодические издания,,,,361,515
Периодические издания,,Дилетант. 2024. № 101 май,Журнал Дилетант,499,713
Периодические издания,,Юность. 2024. № 4,Журнал Юность,293,418
Периодические издания,,Знамя. 2024. № 4,Журнал Знамя,488,697
Периодические издания,,Наука и жизнь. 2024. № 4,Журнал Наука и жизнь,515,736
Периодические издания,,Москва. 2024. № 4,Журнал Москва,235,335
Периодические издания,,Москва. 2024. № 3,Журнал Москва,235,335
Периодические издания,,Знание-сила. 2024. № 4,Журнал Знание-сила,361,515
Периодические издания,,Современная архитектура мира. Выпуск 21. 2/2023,Нестор-История,685,979
Периодические издания,,Журнал Иностранная литература № 3. 2024,Журнал Иностранная литература,547,781
Периодические издания,,Журнал Знамя № 3. 2024,Журнал Знамя,488,697
Периодические издания,,Журнал Юность № 3. 2024,Журнал Юность,293,418
Периодические издания,,Дилетант. 2024. № 100 апрель,Журнал Дилетант,499,713
Периодические издания,,Средние века. Выпуск 84(4). Исследования по истории Средневековья и раннего Нового времени,Наука,1 463,2 251
Периодические издания,,Знание-сила. 2024. № 3,Журнал Знание-сила,361,515
Периодические издания,,"Seasons of life. Сезоны жизни. 2024 № 71, весна",Журнал Seasons of Life,878,1 254
Периодические издания,,Наука и жизнь. 2024. № 3,Журнал Наука и жизнь,515,736
Периодические издания,,Журнал Юность № 2. 2024,Журнал Юность,293,418
Периодические издания,,Журнал Знамя № 2. 2024,Журнал Знамя,488,697
Периодические издания,,Дилетант. 2024. № 099 март,Журнал Дилетант,499,713
Периодические издания,,Казанский альманах. Сапфир,Татарское книжное издательство,946,1 351
Периодические издания,,Знание-сила. 2024. № 2,Журнал Знание-сила,361,515
Периодические издания,,Журнал Москва № 1 2024,Журнал Москва,216,309
Периодические издания,,Журнал Москва № 2 2024,Журнал Москва,216,309
Периодические издания,,Журнал Наука и жизнь № 2 2024,Журнал Наука и жизнь,475,679
Периодические издания,,Versus №4/2023. Современные cinema studies,Издательство Института Гайдара,307,438
Периодические издания,,Журнал Знамя № 1. 2024,Журнал Знамя,450,643
Периодические издания,,"Дилетант. 2024. № 098, февраль",Журнал Дилетант,499,713
Периодические издания,,Журнал Bones. Специальный выпуск. Правильное питание,Bones,440,628
Периодические издания,,Журнал Bones. Специальный выпуск. Паназия,Bones,440,628
Периодические издания,,Приложение к журналу  BONES 4'2023,Bones,265,378
Периодические издания,,Приложение к журналу  BONES 3'2023,Bones,265,378
Периодические издания,,CRUST Приложение к журналу  BONES 2'2023,Bones,265,378
Периодические издания,,Журнал BONES #6'2023,Bones,440,628
Периодические издания,,Журнал BONES #3'2023,Bones,440,628
Периодические издания,,Журнал Думай 2024 № 53 январь,Журнал Думай,585,836
Периодические издания,,Журнал Думай КИДС № 2023 № 24 (12),Журнал Думай,361,515
Периодические издания,,Умный журнальчик 2023 № 6 (12),Журнал Умный журнальчик,163,233
Периодические издания,,Умный журнальчик 2024 № 7 (01),Журнал Умный журнальчик,163,233
Периодические издания,,"Журнал Авансцена № 3, 4 2023 (11)",Нестор-История,623,890
Периодические издания,,Наука и жизнь. №1 2024,Журнал Наука и жизнь,475,679
Периодические издания,,Знание-сила. 2023. № 12,Журнал Знание-сила,307,438
Периодические издания,,Знание-сила. 2024. №1,Журнал Знание-сила,333,476
Периодические издания,,Журнал Знамя № 12. 2023,Журнал Знамя,450,643
Периодические издания,,Журнал Москва № 12. 2023,Журнал Москва,216,309
Нехудожественная литература,Брофман Мартин,Исцелить можно всё,Попурри,98,150
Нехудожественная литература,Гаспаров Михаил Леонович,Занимательная мифология. Сказания Древней Греции,Иллюминатор,1 040,1 600
Нехудожественная литература,Лихачев Дмитрий Сергеевич,Воспоминания. Письма о добром,Иллюминатор,1 200,1 600
Нехудожественная литература,Левинсон Марк,"Ящик. Как грузовой контейнер сделал мир меньше, а мировую экономику больше",Бомбора,966,1 380
Нехудожественная литература,Ривз Хьюберт,"Вселенная, рассказанная моим внукам",Дискурс,686,1 056
Нехудожественная литература,,Конституция РФ. Новая редакция,Феникс,65,93
Нехудожественная литература,Попов,Гигиена с основами санитарно-гигиенических методов исследования. Учебное пособие,Феникс,653,933
Нехудожественная литература,Столяренко,Конфликтология. Учебник,Феникс,1 049,1 498
Нехудожественная литература,Мугин Александр Сергеевич,"Доброе имя. Защита чести, достоинства и деловой репутации",Феникс,792,1 131
Нехудожественная литература,,Женский лунный календарь. 2025,Феникс,220,314
Нехудожественная литература,,Лунный календарь на все случаи жизни. 2025,Феникс,220,314
Нехудожественная литература,,Лунный календарь садовода и огородника. 2025,Феникс,198,283
Нехудожественная литература,,Знание-сила. 2024. № 6,Журнал Знание-сила,361,515
Нехудожественная литература,,Знание-сила. 2024. № 7,Журнал Знание-сила,380,543
Нехудожественная литература,Вольская Наталья Сергеевна,Обними себя одеждой. Стильный гардероб,Феникс,827,1 272
Нехудожественная литература,Ануфриев Артем Владимирович,100 великих достижений реактивной авиации,Вече,552,788
Нехудожественная литература,Артемов,Рождение Новороссии. От Екатерины II до Александра I,Вече,788,1 126
Нехудожественная литература,Ховард Алекс,Это не ваша вина. Почему детские травмы формируют вас и как от них избавиться,Попурри,703,1 081
Нехудожественная литература,Бокле Мохамед,"Безлимит знаний. Узнайте потенциал своего интеллекта, практикуйте скорочтение и запоминайте наизусть",Попурри,621,956
Нехудожественная литература,Миллман Дэн,Священное путешествие мирного воина,Попурри,738,1 136
Нехудожественная литература,Трейси Брайан,Наука выживания и процветания. Как спасти свой бизнес и увеличить прибыль,Попурри,523,804
Нехудожественная литература,Трейси,Наука карьерного роста. Мощная система достижений,Попурри,523,804
Нехудожественная литература,Трейси Брайан,Наука кризисного управления. Стратегии действий в сложных обстоятельствах,Попурри,523,804
Нехудожественная литература,Крутякова Татьяна Леонидовна,НДС. Практика исчисления и уплаты,АйСи Групп,2 430,3 472
Нехудожественная литература,Мясников Олег Алексеевич,Способы оптимизации налоговой нагрузки на бизнес,АйСи Групп,1 306,1 865
Нехудожественная литература,,Москва. 2024. № 7,Журнал Москва,235,335
Нехудожественная литература,Поль Татьяна,"Секреты общения с ребенком. Практические шаги к тому, чтобы ребенок слышал, понимал и доверял",Феникс,809,1 244
Нехудожественная литература,Дарова Маргарита,"Магия Мегаполиса или дневник экстрасенса, часть 2",Наш круг,841,1 201
Нехудожественная литература,Таран Сергей Александрович,Инструменты процесса управления и их цифровизация,Наш круг,1 786,2 551
Нехудожественная литература,Троицкий Андрей М.,Прозрение,Наш круг,841,1 201
Нехудожественная литература,,Верди. Лучшее. Самые известные сочинения. Для фортепиано,Феникс,302,464
Нехудожественная литература,Краснова Гульнара Амангельдиновна,Наука быть счастливой,Феникс,643,989
Нехудожественная литература,Макаров В. П.,Методологические проблемы научного геологического познания. Литологические заметки. Том 7,Юстицинформ,488,697
Нехудожественная литература,Иванов Вилен Николаевич,Служение. 70 лет в строю. 1954-2024,У Никитских ворот,375,536
Нехудожественная литература,Фролова Олеся Николаевна,Все дети болеют. О чем вы не успели спросить на приеме у врача,Феникс,683,975
Нехудожественная литература,,Трактаты о чае эпох Тан и Сун,Шанс,473,676
Нехудожественная литература,,,,,
Нехудожественная литература,Суходольский Игорь Михайлович,Участие государства в процессе несостоятельности (банкротства). Монография,Юстицинформ,664,948
Нехудожественная литература,Егорова,Актуальные проблемы принципа справедливости в частном праве. Сборник статей,Юстицинформ,585,836
Нехудожественная литература,Левушкин,Современные проблемы частноправового регулирования. Традиции и инновации при конвергенции норм права,Юстицинформ,556,794
Нехудожественная литература,Максуров Алексей Анатольевич,Международное санкционное право и антисанкционное законодательство Российской Федерации. Монография,Юстицинформ,683,976
Нехудожественная литература,Товбин Юрий Константинович,Основы химической термодинамики неоднородных систем,Техносфера,1 470,2 100
Нехудожественная литература,Мелешин,Управление транзисторными преобразователями электроэнергии,Техносфера,732,1 045
Нехудожественная литература,Верба,Основы теории радиолокационных систем и комплексов,Техносфера,975,1 393
Нехудожественная литература,Быховский Марк Аронович,Пионеры информационного века. История развития теории связи,Техносфера,93,133
Нехудожественная литература,Гуань Хун,Театр теней,Шанс,736,1 051
Нехудожественная литература,,Баоцзюань о трех воплощениях Муляня,Шанс,631,901
Нехудожественная литература,Доброва Людмила Васильевна,Вблизи холстов и красок. Дневник жены художника. Январь-июнь 1996 года,У Никитских ворот,533,761
Нехудожественная литература,Федоров Михаил Иванович,Солдаты СВО. На фронте и в тылу,Вече,788,1 126
Нехудожественная литература,Шигин Владимир Виленович,Битва за Дальний Восток. От противостояния к Антанте,Вече,631,901
Нехудожественная литература,Пирогов Валерий Владимирович,Кто разрушил СССР. От Горбачева до Ельцина. 1985-1993,Вече,631,901
Нехудожественная литература,Еременко Андрей Иванович,Сталинград,Вече,946,1 351
Нехудожественная литература,Хохлова Ксения,"Будет сладко. Корпусные десерты, тарты, муссовые торты и пирожные",ИД Комсомольская правда,1 405,1 825
Нехудожественная литература,Домашек Елена Владимировна,Конституция Российской Федерации. Текст и комментарии для старшеклассников,Феникс,231,330
Нехудожественная литература,,Самые любимые пьесы и ансамбли для фортепиано в простом переложении. Выпуск I,Феникс,348,497
Нехудожественная литература,,Самые любимые пьесы и ансамбли для фортепиано в простом переложении. Выпуск II,Феникс,348,497
Нехудожественная литература,Бернацкий Анатолий Сергеевич,100 великих мистических тайн,Вече,631,901
Нехудожественная литература,Наумов Леонид Анатольевич,Митридатовы войны,Вече,631,901
Нехудожественная литература,Оськин Максим Викторович,Осень 1914 года. Схватка за Польшу,Вече,788,1 126
Нехудожественная литература,Прямицын Владимир Николаевич,Батальоны просят воды,Вече,631,901
Нехудожественная литература,Макговерн Уильям Монтгомери,Переодетым в Лхасу. Тайная экспедиция англичанина в Тибет,Вече,552,788
Нехудожественная литература,Ермаков Станислав Эдуардович,Образы и представления славянского язычества,Вече,552,788
Нехудожественная литература,Хлобустов Олег Максимович,Андропов. 30 лет из жизни генерального секретаря ЦК КПСС,Вече,1 182,1 688
Нехудожественная литература,Лёцнер Мишель,Отпусти. Излечить разбитое сердце за 99 дней,Феникс,890,1 272
Нехудожественная литература,Кириёк Евгений,HR-аналитика. Путеводитель по анализу персонала,Олимп-Бизнес,928,1 326
Нехудожественная литература,Глейзер,Поговорим о зрении. Всё о наших глазах,Олимп-Бизнес,811,1 158
Молодежная литература,Кент Рина,Испорченный король,АСТ,605,864
Молодежная литература,Липатова Елена Владимировна,Заблудившийся автобус,Пять четвертей,447,688
Молодежная литература,Сашар Луис,Ямы,Качели,1 050,1 616
Молодежная литература,Старк Кристина,Цианид,АСТ,605,864
Молодежная литература,Мартин Джордж Р. Р.,Пламя и кровь: Пляска смерти. Книга 2,АСТ,1 159,1 656
Молодежная литература,Грёнтведт Нина Элизабет,Привет! Это я… (не оставляй меня снова одну…),КомпасГид,1 099,1 570
Молодежная литература,Кравченко Виктор Александрович,Зима. Сказание о ворскейтерах,Феникс,687,981
Молодежная литература,Твин Клэр,Лунный шторм. Время взрослеть,Феникс,827,1 272
Молодежная литература,,,,360,480
Молодежная литература,Крынкина Наталья Васильевна,Играем честно!,ОКно,402,619
Молодежная литература,Энгель Катинка,Удержи меня. Здесь,Like Book,,
Молодежная литература,Ти Эллин,Несудьба,Like Book,,
Молодежная литература,Лавринович Ася,Летняя любовь. Подарочное издание дачных историй от Аси Лавринович,Like Book,,
Молодежная литература,Вульф Трейси,Желание,Like Book,,
Молодежная литература,Легат А. Л.,Право на меч,Эксмо,,
Молодежная литература,Вешкина Татьяна Константиновна,Книжные тюрьмы,Like Book,,
Молодежная литература,Диа Джулия,Зло элитных сердец,АСТ,542,774
Молодежная литература,Брэнди Меган,Неприятности в старшей школе,Like Book,566,808
Молодежная литература,Си Син,Целительница Цзюнь,Freedom,1 380,
Молодежная литература,Худе Лань,Аватар короля. Молодые таланты. Книга 3,АСТ,1 116,
Молодежная литература,Соул Джин,Девять хвостов бессмертного мастера. Том 3,АСТ,561,801
Молодежная литература,,,,1 104,1 472
Молодежная литература,Райли Грейс,Один на один,"Манн, Иванов и Фербер",681,973
Молодежная литература,Фуллер Ирина,Химеры среди нас,Черным-бело,655,935
Молодежная литература,Николь Эмбер,Книга Азраила,Freedom,788,1 126
Молодежная литература,Хан Джунволья,Наномашина. Том 2,"Манн, Иванов и Фербер",618,883
Молодежная литература,Черриз Ксения,Поклонница,Like Book,610,872
Молодежная литература,Гу Шу,Белая рыба. Сказания о Бай и Ю. Перья сороки,АСТ,561,801
Молодежная литература,Кастен Мона,Снова почувствуй,Like Book,,
Молодежная литература,Кондрацкая Елена Анатольевна,Когда заканчиваются сказки,Черным-бело,,
Молодежная литература,Черкасова Ульяна,Золотые земли. Птицы Великого леса,Черным-бело,,
Молодежная литература,Арнаутова Дана,Двойная звезда,Эксмо,,
Молодежная литература,Фадугба Феми,Верхний мир,Like Book,,
Молодежная литература,Нова Тери,Сила ненависти,Like Book,,
Молодежная литература,,,,,
Молодежная литература,Полк Ч. Л.,Полуночная сделка,Эксмо,,
Молодежная литература,Кент Рина,Испорченный король,АСТ,605,864
Молодежная литература,Мартин Арианна,Лезвие судьбы,АСТ,542,774
Молодежная литература,Фаррон Эйрин,Месть магов,Freedom,,
Молодежная литература,Ли Тэмуль,Дерево красной птицы,Freedom,,
Молодежная литература,Кескин Дилара,Дворец потерянных душ. Наследник Сентерии,Freedom,,
Молодежная литература,Вест Селена,"Приручи меня, если сможешь",Freedom,,
Молодежная литература,Сью Ники,Любовь между нами,Freedom,,
Молодежная литература,Фырат Мехтап,Пылающая звезда,Freedom,,
Молодежная литература,Робинсон,Убийство Ледяного Короля,Freedom,,
Молодежная литература,Кей Фрост,Чудовище,Freedom,,
Молодежная литература,Сан Миранда,Если меня будут преследовать призраки,Like Book,,
Молодежная литература,Воджик Хельга,Аббарр. Песок и пламя,NoSugar Books,630,900
Молодежная литература,Фим Юлия,Восхождение Светлого,NoSugar Books,561,801
Молодежная литература,Вульф Трейси,Искушение,Like Book,655,935
Молодежная литература,Брэнди Меган,Короли старшей школы,Like Book,566,808
Молодежная литература,Той Кристина,В этих гнилых стенах,АСТ,605,864
Молодежная литература,Мартинес Белен,Вальс ведьмы,АСТ,718,1 026
Молодежная литература,Анри Софи,Король Ардена,Freedom,,
Молодежная литература,Рауз Алекс,Грани пустоты,Like Book,,
Молодежная литература,Белл Том,Дракон и Буревестник. Осколки зеркала,Like Book,,
Молодежная литература,Армстронг Кейт,Ночные птицы,Like Book,,
Молодежная литература,Алешина Екатерина Евгеньевна,Жасминовый ветер,Like Book,,
Молодежная литература,Стоун Ник,Теория хаоса,Like Book,636,908
Молодежная литература,Рель Кейлет,Сердце ведьмы,Freedom,636,908
Молодежная литература,Эндрюс Л. Дж.,Игра ненависти и лжи,Freedom,699,999
Молодежная литература,Брэнди Меган,Парни из старшей школы,Like Book,566,808
Молодежная литература,Шафер Зиан,Святилище кровавой луны,Freedom,699,999
Молодежная литература,Вульф Мара,Кредо викканки. Знаки и знамения,Freedom,743,1 062
Молодежная литература,Вон Эмилия,Во власти выбора,Freedom,655,935
Молодежная литература,Скотт Эмма,Обещание сердца,Freedom,935,
Молодежная литература,Турчанинофф Мария,Наондель,Эксмо,522,745
Молодежная литература,Майер,Трон перьев и костей,Эксмо,655,935
"Комиксы, Манга, Артбуки",Фудзимото Тацуки,Человек-бензопила. Книга 1. Пес и бензопила. Бензопила против нетопыря,Азбука,1 051,1 502
"Комиксы, Манга, Артбуки",Мечери,"Dark Souls. За гранью смерти. Книга 1. История создания Demon's Souls, Dark Souls, Dark Souls II",Бомбора,1 169,1 670
"Комиксы, Манга, Артбуки",Сибиллин Мейне,Артбук Sibylline Meynet. Свидание с мечтой,"Манн, Иванов и Фербер",1 622,2 317
"Комиксы, Манга, Артбуки",Асагири Кафка,Проза бродячих псов. Том 7,XL Media,761,1 171
"Комиксы, Манга, Артбуки",Жоб,Якари и гризли,Ламинария,757,1 082
"Комиксы, Манга, Артбуки",Лавкрафт Говард Филлипс,Сияние извне,Фабрика комиксов,452,695
"Комиксы, Манга, Артбуки",Левина Дарья,Стикеры Вдохновение,ИД Комсомольская правда,526,
"Комиксы, Манга, Артбуки",Норисиро-тян,Гяру не могут быть добры к отаку. Том 2,Фабрика комиксов,402,618
"Комиксы, Манга, Артбуки",,,,728 р.,1 040
"Комиксы, Манга, Артбуки",Урата Идзуми,Детективное агентство города призраков,Фабрика комиксов,426,656
"Комиксы, Манга, Артбуки",Сахара Мидзу,Ицуя-сан. Том 1,Фабрика комиксов,439,676
"Комиксы, Манга, Артбуки",Сато Хирохиса,Судзуки просто хочет жить спокойно. Том 2,Фабрика комиксов,426,656
"Комиксы, Манга, Артбуки",Хомичук Ангелина,Lina's Comics. Сборник ламповых комиксов,АСТ,,
"Комиксы, Манга, Артбуки",Акишин Аскольд,Ч/Б. Том 1,Маракуйя,1 782,2 546
"Комиксы, Манга, Артбуки",Кураи Тао,Белая магия VS Черная магия. Том 1,Маракуйя,842,1 203
"Комиксы, Манга, Артбуки",Уэбер Ноэми,Мир потерянных животных,Белая ворона / Альбус корвус,1 468,2 097
"Комиксы, Манга, Артбуки",Шойнеманн Фрауке,Оживший страж гробницы,Эксмодетство,,
"Комиксы, Манга, Артбуки",Бин Энтони,Психологический анализ Final Fantasy. Эмоциональная картина игровой франшизы,Бомбора,,
"Комиксы, Манга, Артбуки",Даснуа Ромен,"Red Dead Redemption. Хорошая, плохая, культовая. Рождение вестерна от Rockstar Games",Эксмо,,
"Комиксы, Манга, Артбуки",,Гарри Поттер. Большая книга волшебства,АСТ,,
"Комиксы, Манга, Артбуки",Чхугон,Поднятие уровня в одиночку. Solo Leveling. Том 2,АСТ,,
"Комиксы, Манга, Артбуки",,,,,
"Комиксы, Манга, Артбуки",Мизерокки Кевин,Семейка Аддамс. Дьяволюция,Комильфо,,
"Комиксы, Манга, Артбуки",Ходоровски Алехандро,Белый лама,fanzon,,
"Комиксы, Манга, Артбуки",Корнилова Мария Викторовна,Смешарики. История культовой Вселенной,Бомбора,1 760,2 514
"Комиксы, Манга, Артбуки",Чернова Эмилия Александровна,Вязаные миры Хаяо Миядзаки. Амигуруми-персонажи студии Ghibli,Бомбора,1 665,2 378
"Комиксы, Манга, Артбуки",Dzeth,Ужасы Лавкрафта. Раскрашиваем древнее зло,Бомбора,293,418
"Комиксы, Манга, Артбуки",Килевая Лина,Шурик и Шарик. Журнал,Комильфо,502,717
"Комиксы, Манга, Артбуки",Худе Лань,Аватар короля. Молодые таланты. Книга 3,АСТ,1 116,
"Комиксы, Манга, Артбуки",Норисиро-тян,Гяру не могут быть добры к отаку. Том 1,Фабрика комиксов,402,618
"Комиксы, Манга, Артбуки",Миябэ Сати,Как избавиться от 100 друзей. Том 2,Фабрика комиксов,426,656
"Комиксы, Манга, Артбуки",Гик Паша,Дверь,АУФ,330,472
"Комиксы, Манга, Артбуки",Карузо Сантьяго,Materia oscura. Темная материя,АСТ,1 366,1 952
"Комиксы, Манга, Артбуки",Хан Джунволья,Наномашина. Том 2,"Манн, Иванов и Фербер",618,883
"Комиксы, Манга, Артбуки",,,,,
"Комиксы, Манга, Артбуки",Yikai,Сладкие следы укусов. Том 1,"Манн, Иванов и Фербер",734,1 049
"Комиксы, Манга, Артбуки",Шана Ноэль,Кошачье слово. Том 1. Особняк,Эксмодетство,655,935
"Комиксы, Манга, Артбуки",Минчо,Герои Олимпа. Аид,Эксмо,788,1 126
"Комиксы, Манга, Артбуки",Гу Шу,Белая рыба. Сказания о Бай и Ю. Перья сороки,АСТ,561,801
"Комиксы, Манга, Артбуки",Денешо Николя,The Last of Us. Как серия исследует человеческую природу и дарит неповторимый игровой опыт,Бомбора,1 220,1 743
"Комиксы, Манга, Артбуки",Оно Косукэ,Путь домохозяина. Том 9,АСТ,990,
"Комиксы, Манга, Артбуки",Саньмао Лицзян,Артбук «Коты-Небожители»,Комильфо,,
"Комиксы, Манга, Артбуки",Уэй Джерард Артур,Академия Амбрелла. История создания,Комильфо,,
"Комиксы, Манга, Артбуки",Герберт Брайан,Дюна. Дом Атрейдесов. Том 2,Комильфо,,
"Комиксы, Манга, Артбуки",Тунсю Мосян,Основатель Тёмного Пути. Маньхуа. Том 8,Комильфо,,
"Комиксы, Манга, Артбуки",,,,2 633,4 051
"Комиксы, Манга, Артбуки",,Тайны Медовой Долины. Очень детективная история. Часть 1. Начинающий сыщик,Эксмодетство,,
"Комиксы, Манга, Артбуки",,Зебра в клеточку. Самые добрые истории тропиков,Эксмодетство,,
"Комиксы, Манга, Артбуки",,Оранжевая корова. Оранжевая книга,Эксмодетство,,
"Комиксы, Манга, Артбуки",,Тайны Медовой Долины. Очень детективная история. Часть 2. Летние приключения в Медовой Долине,Эксмодетство,,
"Комиксы, Манга, Артбуки",Повелительница Демонов,Сотня демонов. Артбук,АСТ,1 103,1 575
"Комиксы, Манга, Артбуки",Keyleen,Игра Ф. Том 1,АСТ,781,1 116
"Комиксы, Манга, Артбуки",Козлов Сергей Григорьевич,Солнечный Заяц и Медвежонок. Сказки,Малыш,649,927
"Комиксы, Манга, Артбуки",Янь Лэйшэн,Assassin's Creed. Буря эпохи Мин,АСТ,737,1 053
"Комиксы, Манга, Артбуки",Мильчха,"Лериана, невеста герцога по контракту. Том 6",АСТ,1 727,
"Комиксы, Манга, Артбуки",Фурнье Энтони,Death Stranding Хидео Кодзимы. Философия гениальной игры,Бомбора,,
"Комиксы, Манга, Артбуки",,,,1 650,2 357
"Комиксы, Манга, Артбуки",Чжао Эньчжэ,По ту сторону галактики. Фантастический артбук Эньчжэ Чжао,Бомбора,1 569,2 242
"Комиксы, Манга, Артбуки",Жоб,Якари и Койот,Ламинария,757,1 082
"Комиксы, Манга, Артбуки",Габелла Матье,Assassin’s Creed. Вальгалла. Комикс,Бомбора,,
"Комиксы, Манга, Артбуки",Оро,"Эти игроки думают, что я один из них. Выпуск 1",Эксмо,1 112,1 588
"Комиксы, Манга, Артбуки",Акутами Гэгэ,Магическая битва. Книга 10. Колония Токио № 1. Колония Сэндай,Азбука,914,1 305
"Комиксы, Манга, Артбуки",Юн Сансок,Герои Олимпа. Посейдон,Эксмо,788,1 126
"Комиксы, Манга, Артбуки",Фудзисава Тору,GTO. Крутой учитель Онидзука. Книга 5,Комильфо,1 378,1 969
"Комиксы, Манга, Артбуки",Джонс Ифигения,Жуткая книга рецептов Уэнсдэй Аддамс. Неофициальное издание,ХлебСоль,1 112,1 588
"Комиксы, Манга, Артбуки",Анжело Алекс,Арт-блокнот «Вечность и тлен. Записки Люция Морана»,Черным-бело,655,935
"Комиксы, Манга, Артбуки",Цурумаикада,Медалистка. Книга 4,Азбука,693,990
"Комиксы, Манга, Артбуки",Кабинам,Мой муж скрывается под маской. Том 1,"Манн, Иванов и Фербер",984,1 406
"Комиксы, Манга, Артбуки",Рош Рено,Войны Лукаса,Комильфо,,
"Комиксы, Манга, Артбуки",Wright,BTS. Le Fan Guide,Hors Collection,3 405,5 238
Книги для детей,Дойл Артур Конан,Записки о Шерлоке Холмсе,Лабиринт,2 909,4 848
Книги для детей,Маншина Анна Сергеевна,Серпантин в моей голове,Волчок,372,496
Книги для детей,Сент-Экзюпери Антуан де,Маленький принц,Качели,829,1 184
Книги для детей,Михеева Тамара Витальевна,Шесть миллионов моих шагов,Пять четвертей,883,1 472
Книги для детей,Ледерман Виктория Валерьевна,Василькин Д. Седьмой отряд,Пять четвертей,902,1 504
Книги для детей,Булычев Кир,"Девочка, с которой ничего не случится",Качели,645,992
Книги для детей,Пикина Анастасия Сергеевна,Луна в ореховой скорлупе,Феникс-Премьер,613,876
Книги для детей,Карпова Наталья Владимировна,Как непослушная мама аппетит искала,Феникс-Премьер,610,872
Книги для детей,,,,1 200,2 000
Книги для детей,Финчем Анна Юрьевна,"Бёни и Фил. Книга о дружбе и о том, как ее найти",Феникс-Премьер,653,933
Книги для детей,Маврина Лариса Викторовна,Прописи. Готовимся к письму. Рабочая тетрадь с наклейками,Стрекоза,321,459
Книги для детей,,Наклейки для малышей. Грибочек Выпуск 2,Стрекоза,321,459
Книги для детей,,Наклейки для малышей. Грибочек Выпуск 4,Стрекоза,321,459
Книги для детей,Никитина Е.,Наклейки-кружочки. Выпуск 5,Стрекоза,162,232
Книги для детей,Никитина Е.,Наклейки-кружочки. Выпуск 6,Стрекоза,162,232
Книги для детей,Гримм Якоб и Вильгельм,Белоснежка,Стрекоза,554,791
Книги для детей,Бахурова,Я больше так не буду,Стрекоза,559,798
Книги для детей,,"Едем, плывем, летим",Стрекоза,391,558
Книги для детей,Коваль Татьяна Леонидовна,Самый маленький снеговик. Путешествие,Стрекоза,517,738
Книги для детей,Рязанцева Юлия Евгеньевна,Ребусы для обучения грамоте. Рабочая нейротетрадь для дошкольников,Феникс,232,332
Книги для детей,Рязанцева Юлия Евгеньевна,Фонематические диктанты. Восприятие информации на слух. Рабочая нейротетрадь для дошкольников,Феникс,232,332
Книги для детей,Онишкова Анастасия Михайловна,100 нейроигр и упражнений на развитие моторики и сенсорики для детей 3-7 лет,Феникс,286,409
Книги для детей,Гридин Алексей Викторович,Не могу пройти мимо! Истории о волонтерах для детей,Феникс,376,537
Книги для детей,О. Генри,"Дороги, которые мы выбираем",Феникс,321,459
Книги для детей,,IQ-загадки и кроссворды-отгадки. 7+,Феникс,128,183
Книги для детей,Чистоусова Наталья,Я не мусор,Феникс-Премьер,505,777
Книги для детей,Ульева Елена Александровна,Сказочный учебник дошкольника. Самые важные вопросы,Феникс-Премьер,367,565
Книги для детей,Ульева Елена Александровна,Сказочный учебник дошкольника. Самые полезные навыки,Феникс-Премьер,367,565
Книги для детей,Бреслава Татьяна,Израиль. Страна анемонов,Попурри,315,485
Книги для детей,Ульева Елена Александровна,Сказочный учебник дошкольника. Болезни человека и их лечение,Феникс,367,565
Книги для детей,Ульева Елена Александровна,Сказочный учебник дошкольника. Правила здоровья и гигиены,Феникс,367,565
Книги для детей,Бахурова Евгения Петровна,Графические упражнения. 3-4 года,Феникс,150,231
Книги для детей,Бахурова Евгения Петровна,Графические упражнения. 4-5 лет,Феникс,150,231
Книги для детей,Бахурова Евгения Петровна,Графические упражнения. 5-6 лет,Феникс,150,231
Книги для детей,Бахурова Евгения Петровна,Графические упражнения. 6-7 лет,Феникс,150,231
Книги для детей,,,,,
Книги для детей,Бабанская Марина Ивановна,Девчонки могут! 50 вдохновляющих рассказов о девочках,Феникс-Премьер,597,918
Книги для детей,Волков Александр,Волшебник Изумрудного города,Качели,896,1 280
Книги для детей,Верн Жюль,Таинственный остров,Качели,1 920,2 560
Книги для детей,Алешковский Юз,Кыш и я в Крыму,Качели,1 140,1 520
Книги для детей,Одоевский,Городок в табакерке,Лабиринт,661,944
Книги для детей,Ефремов Иван Антонович,Таис Афинская,Лабиринт,996,1 328
Книги для детей,Гетц Валентина Ивановна,"Сказки, подаренные с небес",Четыре,918,1 312
Книги для детей,Плисковский Александр,Опасная игра,Четыре,307,438
Книги для детей,Лазебная Людмила Семеновна,Воробьиная ночь. Присурские сказки,Четыре,256,365
Книги для детей,Купырина Анна Михайловна,Эта прекрасная жизнь! Книга с пользой,Феникс-Премьер,523,805
Книги для детей,Никольская Анна Олеговна,Книга чудУЛИщ,Феникс-Премьер,900,1 385
Книги для детей,Маншина Анна Сергеевна,"Радио эмоций ""Лёлик FM"". Как поймать нужную волну",Феникс-Премьер,564,805
Книги для детей,Федулова Анна Алексеевна,Кругосветное ПОНИшествие,Феникс-Премьер,529,814
Книги для детей,Мальцева Галина Анатольевна,Советы черепахи-чемпионки,Феникс-Премьер,459,706
Книги для детей,Крынкина Наталья Васильевна,Играем честно!,ОКно,402,619
Книги для детей,Ткаченко Татьяна Александровна,Годовой курс развивающих заданий для детей 4-5 лет. Играем и учимся! ФГОС ДО,Феникс,571,815
Книги для детей,Ткаченко Татьяна Александровна,Годовой курс развивающих заданий для детей 5-6 лет. Играем и учимся! ФГОС ДО,Феникс,571,815
Книги для детей,Грэм Кеннет,Ветер в ивах,Феникс,515,735
Книги для детей,,Летучий корабль. Народные сказки,Феникс,179,255
Книги для детей,,По щучьему веленью. Русские народные сказки,Феникс,179,255
Книги для детей,,"Творческий блокнот cо стикерами Atomic Heart. Майор Нечаев, А5",Оригами,395,564
Книги для детей,,"Творческий блокнот cо стикерами Atomic Heart. Нечаев, А5",Оригами,395,564
Книги для детей,,"Творческий блокнот cо стикерами Atomic Heart. Близняшка, А5",Оригами,395,564
Книги для детей,,"Творческий блокнот cо стикерами Atomic Heart. Баба Зина, А5",Оригами,395,564
Книги для детей,,"Творческий блокнот cо стикерами Atomic Heart. Атомное противостояние, А5",Оригами,395,564
Книги для детей,,"Творческий блокнот cо стикерами Атака Титанов. Столкновение с титаном, А5",Оригами,395,564
Книги для детей,,"Творческий блокнот cо стикерами Атака Титанов. Отряд, А5",Оригами,395,564
Книги для детей,,"Творческий блокнот cо стикерами Атака Титанов. Кадетский корпус, A5",Оригами,395,564
Книги для детей,,"Творческий блокнот cо стикерами Атака Титанов. Надежда, А5",Оригами,395,564
Книги для детей,Ферра-Микура Вера,Двенадцать человек - не дюжина,Лабиринт,840,1 120
Книги для детей,Шамина Екатерина Александровна,Как управлять временем. Руководство для самых маленьких,Тойвиль,1 284,1 712
